Rank,Species ID,Species,Family,SF%_Total,DEN_Total,SF%_Expert,DEN_Expert,SF%_Novice,DEN_Novice
1,204,Blue Tang(Acanthurus coeruleus),Surgeonfish(Acanthuridae),86.92,2.59,93.01,2.62,85.05,2.58
2,213,Bluehead(Thalassoma bifasciatum),Wrasse(Labridae),86.38,3.06,92.02,3.35,84.65,2.96
3,155,Stoplight Parrotfish(Sparisoma viride),Parrotfish(Scaridae),80.78,2.43,86.66,2.47,78.98,2.42
4,42,Blue Chromis(Chromis cyanea),Damselfish(Pomacentridae),74.2,3.25,82.13,3.33,71.76,3.22
5,31,Foureye Butterflyfish(Chaetodon capistratus),Butterflyfish(Chaetodontidae),72.76,2.09,77.24,2.03,71.39,2.1
6,197,Yellowtail Snapper(Ocyurus chrysurus),Snapper(Lutjanidae),72.72,2.73,81.77,2.76,69.94,2.71
7,10,Fairy Basslet(Gramma loreto),Basslet(Grammatidae),70.19,2.81,76.89,3,68.14,2.74
8,48,Bicolor Damselfish(Stegastes partitus),Damselfish(Pomacentridae),69.83,2.69,82.39,2.91,65.98,2.61
9,220,Yellowhead Wrasse(Halichoeres garnoti),Wrasse(Labridae),67.82,2.72,85.65,2.87,62.35,2.66
10,133,Bar Jack(Caranx ruber),Jack(Carangidae),67.06,2.43,84.09,2.46,61.84,2.42
11,108,French Grunt(Haemulon flavolineatum),Grunt(Haemulidae),65.58,2.61,76.06,2.58,62.36,2.63
12,206,Ocean Surgeonfish(Acanthurus bahianus),Surgeonfish(Acanthuridae),60.44,2.46,81.03,2.52,54.13,2.43
13,152,Redband Parrotfish(Sparisoma aurofrenatum),Parrotfish(Scaridae),59.3,2.4,85.12,2.56,51.38,2.31
14,105,Bluestriped Grunt(Haemulon sciurus),Grunt(Haemulidae),58.87,2.34,68.08,2.27,56.05,2.37
15,156,Striped Parrotfish(Scarus iseri),Parrotfish(Scaridae),56.57,2.68,76.48,2.71,50.46,2.67
16,97,Nassau Grouper(Epinephelus striatus),Seabass(Serranidae),55.65,1.64,57.67,1.64,55.04,1.64
17,196,Schoolmaster(Lutjanus apodus),Snapper(Lutjanidae),55.64,2.4,72.52,2.38,50.47,2.4
18,149,Princess Parrotfish(Scarus taeniopterus),Parrotfish(Scaridae),53.75,2.33,64.15,2.47,50.56,2.28
19,167,Sharpnose Puffer(Canthigaster rostrata),Puffer(Tetraodontidae),52.81,1.99,71.23,1.99,47.16,1.98
20,4,Gray Angelfish(Pomacanthus arcuatus),Angelfish(Pomacanthidae),52,1.69,55.21,1.6,51.02,1.73
21,201,Longspine Squirrelfish(Holocentrus rufus),Squirrelfish(Holocentridae),51.87,2.09,71.63,2.13,45.8,2.07
22,5,Queen Angelfish(Holacanthus ciliaris),Angelfish(Pomacanthidae),51.5,1.65,54.82,1.6,50.49,1.67
23,6,Rock Beauty(Holacanthus tricolor),Angelfish(Pomacanthidae),48.74,1.8,53.41,1.73,47.31,1.82
24,117,White Grunt(Haemulon plumieri),Grunt(Haemulidae),46.96,2.19,69.44,2.22,40.06,2.18
25,150,Queen Parrotfish(Scarus vetula),Parrotfish(Scaridae),46.89,2.1,62.68,2.15,42.05,2.08
26,131,Spanish Hogfish(Bodianus rufus),Wrasse(Labridae),46.22,1.83,63.42,1.87,40.95,1.81
27,181,Harlequin Bass(Serranus tigrinus),Seabass(Serranidae),45.07,1.87,59.88,1.83,40.53,1.88
28,77,Yellow Goatfish(Mulloidichthys martinicus),Goatfish(Mullidae),44.16,2.55,60.82,2.65,39.05,2.5
29,218,Slippery Dick(Halichoeres bivittatus),Wrasse(Labridae),43.76,2.58,55.78,2.64,40.07,2.55
30,30,Banded Butterflyfish(Chaetodon striatus),Butterflyfish(Chaetodontidae),43.27,1.89,45.11,1.83,42.71,1.91
31,76,Spotted Goatfish(Pseudupeneus maculatus),Goatfish(Mullidae),43.14,1.99,52.2,1.94,40.36,2
32,239,Trumpetfish(Aulostomus maculatus),Trumpetfish(Aulostomidae),43.01,1.62,48.52,1.6,41.32,1.63
33,205,Doctorfish(Acanthurus chirurgus),Surgeonfish(Acanthuridae),41.82,2.19,44.72,2.09,40.94,2.22
34,7,Great Barracuda(Sphyraena barracuda),Barracuda(Sphyraenidae),41.5,1.54,49,1.53,39.19,1.54
35,215,Creole Wrasse(Clepticus parrae),Wrasse(Labridae),41.26,3.29,65.58,3.45,33.8,3.19
36,95,Graysby(Cephalopholis cruentata),Seabass(Serranidae),40.41,1.75,59.69,1.78,34.49,1.72
37,203,Squirrelfish(Holocentrus adscensionis),Squirrelfish(Holocentridae),39.53,2.05,43.16,1.93,38.42,2.09
38,47,Beaugregory(Stegastes leucostictus),Damselfish(Pomacentridae),38.3,2.11,46.77,1.97,35.7,2.17
39,53,Threespot Damselfish(Stegastes planifrons),Damselfish(Pomacentridae),37.87,2.13,53.69,2.19,33.02,2.1
40,93,Coney(Cephalopholis fulva),Seabass(Serranidae),37.81,2.11,51.12,2.19,33.73,2.08
41,34,Spotfin Butterflyfish(Chaetodon ocellatus),Butterflyfish(Chaetodontidae),37.8,1.89,44.68,1.84,35.69,1.91
42,43,Brown Chromis(Chromis multilineata),Damselfish(Pomacentridae),37.03,2.83,50.89,2.8,32.78,2.84
43,52,Sergeant Major(Abudefduf saxatilis),Damselfish(Pomacentridae),36.13,2.66,32.84,2.63,37.14,2.67
44,51,Longfin Damselfish(Stegastes diencaeus),Damselfish(Pomacentridae),35.9,2.19,59.3,2.31,28.72,2.11
45,83,Masked Goby/Glass Goby(Coryphopterus personatus/hyalinus),Goby(Gobiidae),34.16,3.44,61.55,3.47,25.76,3.42
46,79,Bridled Goby Complex (Bridled/Sand-Canyon/Patch-Reef)(C. glaucofraenum/C. bol/C. tortugae),Goby(Gobiidae),33.8,2.39,61.19,2.43,25.4,2.35
47,210,Queen Triggerfish(Balistes vetula),Triggerfish(Balistidae),32.77,1.57,38.49,1.51,31.01,1.59
48,118,Barred Hamlet (Caribbean)(Hypoplectrus puella),Seabass(Serranidae),32.75,1.72,44.81,1.65,29.05,1.76
49,49,Cocoa Damselfish(Stegastes xanthurus),Damselfish(Pomacentridae),32.72,1.92,43.83,1.85,29.31,1.96
50,102,Tiger Grouper(Mycteroperca tigris),Seabass(Serranidae),32.06,1.55,39.14,1.53,29.9,1.56
51,207,Black Durgon(Melichthys niger),Triggerfish(Balistidae),30.22,2.58,37.8,2.57,27.89,2.59
52,194,Mahogany Snapper(Lutjanus mahogoni),Snapper(Lutjanidae),29.7,2.48,38.79,2.51,26.91,2.46
53,160,Saucereye Porgy(Calamus calamus),Porgy(Sparidae),29,1.76,40.35,1.72,25.51,1.78
54,54,Yellowtail Damselfish(Microspathodon chrysurus),Damselfish(Pomacentridae),28.83,1.94,30.26,1.84,28.39,1.97
55,221,Bermuda Chub/Gray Chub(Kyphosus sectatrix/K bigibbus),Chub(Kyphosidae),27.84,2.13,41.92,2.09,23.52,2.15
56,50,Dusky Damselfish(Stegastes adustus),Damselfish(Pomacentridae),27.51,2.05,26.03,2.07,27.97,2.05
57,154,Redtail Parrotfish(Sparisoma chrysopterum),Parrotfish(Scaridae),25.48,1.88,45.04,1.87,19.48,1.89
58,32,Longsnout Butterflyfish(Chaetodon aculeatus),Butterflyfish(Chaetodontidae),24.32,1.64,34.4,1.63,21.23,1.65
59,216,Puddingwife(Halichoeres radiatus),Wrasse(Labridae),24.06,1.71,31.2,1.64,21.87,1.74
60,238,Sand Tilefish(Malacanthus plumieri),Tilefish(Malacanthidae),23.23,1.82,37.2,1.86,18.95,1.8
61,3,French Angelfish(Pomacanthus paru),Angelfish(Pomacanthidae),22.69,1.66,18.33,1.46,24.03,1.71
62,137,Horse-Eye Jack(Caranx latus),Jack(Carangidae),22.62,2.52,32.47,2.59,19.6,2.49
63,99,Red Hind(Epinephelus guttatus),Seabass(Serranidae),21.64,1.47,29.57,1.4,19.2,1.5
64,228,Yellowhead Jawfish(Opistognathus aurifrons),Jawfish(Opistognathidae),21.05,2.27,35.73,2.34,16.54,2.22
65,214,Clown Wrasse(Halichoeres maculipinna),Wrasse(Labridae),21.04,2.09,33,2.08,17.37,2.1
66,81,Goldspot Goby(Gnatholepis thompsoni),Goby(Gobiidae),19.24,2.04,39.48,2.09,13.04,2
67,110,White Margate(Haemulon album),Grunt(Haemulidae),18.95,2.03,27.5,1.89,16.32,2.1
68,419,Cleaning Goby(Elacatinus genie),Goby(Gobiidae),17.96,1.97,34.47,2.01,12.9,1.94
69,200,Longjaw Squirrelfish(Neoniphon marianus),Squirrelfish(Holocentridae),17.61,1.77,32.58,1.76,13.02,1.77
70,170,Southern Stingray(Dasyatis americana),Stingray(Dasyatidae),17.55,1.29,17.77,1.29,17.48,1.28
71,185,Tobaccofish(Serranus tabacarius),Seabass(Serranidae),17,1.67,23.68,1.6,14.95,1.7
72,198,Blackbar Soldierfish(Myripristis jacobus),Squirrelfish(Holocentridae),16.96,2.06,26.72,2.03,13.97,2.08
73,195,Mutton Snapper(Lutjanus analis),Snapper(Lutjanidae),16.11,1.66,17.27,1.41,15.75,1.75
74,192,Gray Snapper(Lutjanus griseus),Snapper(Lutjanidae),16.06,2.36,19.71,2.49,14.95,2.3
75,209,Ocean Triggerfish(Canthidermis sufflamen),Triggerfish(Balistidae),15.78,1.63,20.63,1.62,14.3,1.64
76,9,Blackcap Basslet(Gramma melacara),Basslet(Grammatidae),15.73,2.99,26.01,3.07,12.58,2.93
77,130,Hogfish(Lachnolaimus maximus),Wrasse(Labridae),15.67,1.36,17.54,1.35,15.09,1.36
78,153,Yellowtail (Redfin) Parrotfish(Sparisoma rubripinne),Parrotfish(Scaridae),14.6,1.94,22.26,1.92,12.25,1.96
79,91,Black Grouper(Mycteroperca bonaci),Seabass(Serranidae),14.54,1.43,17.25,1.43,13.71,1.42
80,112,Sailors Choice(Haemulon parra),Grunt(Haemulidae),14.45,2.27,16.3,2.3,13.88,2.26
81,25,Honeycomb Cowfish(Acanthostracion polygonius),Boxfish(Ostraciidae),14.38,1.3,17.34,1.32,13.47,1.29
82,147,Greenblotch Parrotfish(Sparisoma atomarium),Parrotfish(Scaridae),14.31,2,28.93,2.02,9.83,1.99
83,683,Red Lionfish (exotic)(Pterois volitans),Scorpionfish(Scorpaenidae),14.18,1.81,15.59,1.77,13.75,1.83
84,111,Porkfish(Anisotremus virginicus),Grunt(Haemulidae),13.5,1.64,16.33,1.54,12.63,1.68
85,19,Saddled Blenny(Malacoctenus triangulatus),Blenny - Labrisomids(Labrisomidae),13.5,1.68,19.48,1.65,11.66,1.7
86,142,Cero(Scomberomorus regalis),Mackerel(Scombridae),12.05,1.45,21.41,1.43,9.18,1.47
87,72,Whitespotted Filefish(Cantherhines macrocerus),Filefish(Monacanthidae),11.95,1.49,16.21,1.48,10.64,1.49
88,27,Smooth Trunkfish(Lactophrys triqueter),Boxfish(Ostraciidae),11.73,1.39,11.15,1.3,11.91,1.42
89,60,Brown Garden Eel(Heteroconger longissimus),Conger(Congridae),11.72,3.46,17.41,3.5,9.98,3.44
90,166,Porcupinefish(Diodon hystrix),Porcupinefish(Diodontidae),11.38,1.22,13.82,1.23,10.63,1.21
91,431,Sharknose Goby(Elacatinus evelynae),Goby(Gobiidae),11.38,1.92,22.33,1.96,8.03,1.88
92,193,Lane Snapper(Lutjanus synagris),Snapper(Lutjanidae),11.36,2.4,13.2,2.46,10.79,2.37
93,188,Reef Shark (Caribbean)(Carcharhinus perezii),Requiem Shark(Carcharhinidae),11.29,1.67,15.73,1.68,9.93,1.66
94,217,Rainbow Wrasse(Halichoeres pictus),Wrasse(Labridae),11.18,2.3,26.81,2.42,6.38,2.16
95,106,Caesar Grunt(Haemulon carbonarium),Grunt(Haemulidae),11.16,2.2,13.54,2.17,10.43,2.21
96,121,Butter Hamlet(Hypoplectrus unicolor),Seabass(Serranidae),10.53,1.43,15.54,1.38,8.99,1.45
97,232,Unidentified Silvery Fish (Silversides / Anchovies / Herrings)(Atheriniformes sp./ Clupeiformes sp.),"Silvery Fishes - Silversides, Herrings, and Anchovies(Atherinidae, Clupeidae, and Engraulidae)",10.43,3.72,8.16,3.71,11.12,3.73
98,230,Sand Diver(Synodus intermedius),Lizardfish(Synodontidae),10.25,1.35,12.53,1.3,9.55,1.38
99,157,Jolthead Porgy(Calamus bajonado),Porgy(Sparidae),10.13,1.6,20.56,1.6,6.93,1.6
100,123,Indigo Hamlet(Hypoplectrus indigo),Seabass(Serranidae),10.08,1.4,9.66,1.31,10.21,1.43
101,66,Spotted Moray(Gymnothorax moringa),Moray(Muraenidae),9.82,1.16,10.99,1.17,9.47,1.16
102,116,Tomtate(Haemulon aurolineatum),Grunt(Haemulidae),9.8,3.09,11.84,3.15,9.17,3.07
103,45,Sunshinefish(Chromis insolata),Damselfish(Pomacentridae),9.57,2.25,18.74,2.28,6.76,2.22
104,151,Rainbow Parrotfish(Scarus guacamaia),Parrotfish(Scaridae),9.48,1.81,4.85,1.46,10.91,1.86
105,235,Atlantic Spadefish(Chaetodipterus faber),Spadefish(Ephippidae),9.33,1.95,10.95,1.92,8.83,1.97
106,144,Blue Parrotfish(Scarus coeruleus),Parrotfish(Scaridae),9.04,1.7,7.91,1.6,9.38,1.72
107,159,Pluma(Calamus pennatula),Porgy(Sparidae),8.71,1.65,11.66,1.65,7.8,1.65
108,172,Yellow Stingray(Urobatis jamaicensis),Round Stingrays(Urolophidae),8.66,1.33,7.73,1.29,8.95,1.35
109,69,Orangespotted Filefish(Cantherhines pullus),Filefish(Monacanthidae),8.38,1.39,10,1.37,7.89,1.4
110,87,Peppermint Goby(Coryphopterus lipernes),Goby(Gobiidae),8.16,1.87,18,1.9,5.14,1.83
111,187,Nurse Shark(Ginglymostoma cirratum),Carpet Shark(Ginglymostomatidae),7.97,1.2,8.32,1.18,7.87,1.21
112,80,Colon Goby(Coryphopterus dicrus),Goby(Gobiidae),7.39,1.82,16.56,1.72,4.58,1.94
113,86,Pallid Goby(Coryphopterus eidolon),Goby(Gobiidae),7.38,1.73,16.19,1.63,4.68,1.83
114,453,Black Jack(Caranx lugubris),Jack(Carangidae),7.2,1.72,13.18,1.66,5.36,1.77
115,231,Sharksucker(Echeneis naucrates),Remora(Echeneidae),7.12,1.52,11.89,1.53,5.66,1.51
116,59,Spotted Drum(Equetus punctatus),Drum(Sciaenidae),6.86,1.19,7.52,1.14,6.66,1.21
117,33,Reef Butterflyfish(Chaetodon sedentarius),Butterflyfish(Chaetodontidae),6.82,1.68,8.58,1.61,6.29,1.71
118,23,Boga(Haemulon vittatum),Grunt(Haemulidae),6.44,2.96,13.91,3.01,4.15,2.91
119,148,Midnight Parrotfish(Scarus coelestinus),Parrotfish(Scaridae),6.41,1.47,6.78,1.34,6.29,1.51
120,180,Creolefish (Atlantic)(Paranthias furcifer),Seabass(Serranidae),6.33,2.44,10.39,2.38,5.09,2.48
121,202,Reef Squirrelfish(Holocentrus coruscus),Squirrelfish(Holocentridae),6.3,1.78,7.27,1.74,6.01,1.8
122,12,Glasseye Snapper(Heteropriacanthus cruentatus),Bigeye(Priacanthidae),6.28,1.7,10.23,1.66,5.07,1.72
123,75,Peacock Flounder(Bothus lunatus),Flounder(Bothidae),6.11,1.21,5.38,1.2,6.33,1.21
124,14,Diamond Blenny(Malacoctenus boehlkei),Blenny - Labrisomids(Labrisomidae),6.09,1.4,10.55,1.35,4.72,1.43
125,226,Redspotted Hawkfish(Amblycirrhitus pinos),Hawkfish(Cirrhitidae),6.09,1.28,11.82,1.25,4.34,1.3
126,229,Yellowfin Mojarra(Gerres cinereus),Mojarra(Gerreidae),5.96,2.23,6.23,2.18,5.88,2.25
127,100,Rock Hind(Epinephelus adscensionis),Seabass(Serranidae),5.93,1.47,4.55,1.24,6.35,1.53
128,13,Arrow Blenny(Lucayablennius zingaro),"Blenny - Pike, tube, and flag(Chaenopsidae)",5.74,1.48,10.85,1.45,4.18,1.5
129,70,Scrawled Filefish(Aluterus scriptus),Filefish(Monacanthidae),5.41,1.24,5.52,1.19,5.38,1.26
130,35,Barred Cardinalfish(Apogon binotatus),Cardinalfish(Apogonidae),5.39,2.02,9.93,2.01,4,2.02
131,28,Spotted Trunkfish(Lactophrys bicaudalis),Boxfish(Ostraciidae),5.38,1.24,5.91,1.12,5.21,1.28
132,36,Belted Cardinalfish(Apogon townsendi),Cardinalfish(Apogonidae),5.17,2.07,11.57,2.07,3.21,2.08
133,103,Yellowfin Grouper(Mycteroperca venenosa),Seabass(Serranidae),4.85,1.26,8.37,1.25,3.77,1.28
134,141,Yellow Jack(Caranx bartholomaei),Jack(Carangidae),4.77,2.12,6.51,1.86,4.23,2.26
135,109,Black Margate(Anisotremus surinamensis),Grunt(Haemulidae),4.75,1.55,6.21,1.41,4.3,1.62
136,173,Green Razorfish(Xyrichtys splendens),Wrasse(Labridae),4.57,1.74,7.56,1.7,3.65,1.76
137,88,Shortstripe Goby(Elacatinus chancei),Goby(Gobiidae),4.44,1.96,12.14,2.01,2.08,1.87
138,163,Balloonfish(Diodon holocanthus),Porcupinefish(Diodontidae),4.3,1.19,4.41,1.16,4.27,1.2
139,26,Scrawled Cowfish(Acanthostracion quadricornis),Boxfish(Ostraciidae),4.29,1.2,4.28,1.09,4.29,1.23
140,190,Cubera Snapper(Lutjanus cyanopterus),Snapper(Lutjanidae),4.25,1.34,7.13,1.29,3.36,1.38
141,90,Yellowline Goby(Elacatinus horsti),Goby(Gobiidae),4.25,1.78,9.5,1.69,2.64,1.88
142,175,Rosy Razorfish(Xyrichtys martinicensis),Wrasse(Labridae),4.15,2.51,8,2.64,2.97,2.39
143,17,Redlip Blenny(Ophioblennius macclurei),Blenny - Combtooth(Blenniidae),4.01,1.73,6.16,1.75,3.35,1.71
144,171,Spotted Eagle Ray(Aetobatus narinari),Eagle Ray(Myliobatidae),3.95,1.4,2.85,1.31,4.29,1.43
145,63,Green Moray(Gymnothorax funebris),Moray(Muraenidae),3.9,1.1,3.04,1.02,4.16,1.12
146,338,Spinyhead Blenny(Acanthemblemaria spinosa),"Blenny - Pike, tube, and flag(Chaenopsidae)",3.86,1.56,9.2,1.58,2.22,1.54
147,134,Blue Runner(Caranx crysos),Jack(Carangidae),3.73,2.29,7.82,2.42,2.48,2.16
148,41,Whitestar Cardinalfish(Apogon lachneri),Cardinalfish(Apogonidae),3.44,1.95,9.27,1.97,1.65,1.91
149,125,Shy Hamlet(Hypoplectrus guttavarius),Seabass(Serranidae),3.25,1.25,5.04,1.2,2.7,1.28
150,183,Peppermint Basslet(Liopropoma rubre),Basslet / Seabass(Liopropomatinae),3.18,1.27,7.91,1.27,1.73,1.28
151,656,Hawksbill Sea Turtle(Eretmochelys imbricata),Sea Turtles(Cheloniidae),3.14,1.11,4.3,1.07,2.79,1.13
152,191,Dog Snapper(Lutjanus jocu),Snapper(Lutjanidae),2.94,1.52,2.94,1.39,2.93,1.57
153,62,Goldentail Moray(Gymnothorax miliaris),Moray(Muraenidae),2.92,1.12,3.98,1.11,2.6,1.13
154,178,Spotted Scorpionfish(Scorpaena plumieri plumieri),Scorpionfish(Scorpaenidae),2.91,1.14,2.62,1.13,3,1.14
155,199,Dusky Squirrelfish(Sargocentron vexillarium),Squirrelfish(Holocentridae),2.89,1.7,5.33,1.68,2.14,1.71
156,119,Black Hamlet(Hypoplectrus nigricans),Seabass(Serranidae),2.86,1.31,5.47,1.21,2.05,1.41
157,234,Greater Soapfish(Rypticus saponaceus),Seabass(Serranidae),2.76,1.17,3.7,1.15,2.47,1.18
158,71,Slender Filefish(Monacanthus tuckeri),Filefish(Monacanthidae),2.76,1.34,4.07,1.31,2.36,1.36
159,146,Bucktooth Parrotfish(Sparisoma radians),Parrotfish(Scaridae),2.74,2.14,4.69,2.1,2.14,2.17
160,18,Rosy Blenny(Malacoctenus macropus),Blenny - Labrisomids(Labrisomidae),2.68,1.7,4.37,1.63,2.17,1.75
161,189,Blackfin Snapper(Lutjanus buccanella),Snapper(Lutjanidae),2.56,2.12,4.81,2.09,1.87,2.15
162,89,Spotlight Goby(Elacatinus louisae),Goby(Gobiidae),2.45,1.7,7.22,1.69,0.98,1.74
163,114,Spanish Grunt(Haemulon macrostomum),Grunt(Haemulidae),2.44,1.77,1.72,1.37,2.66,1.85
164,56,Highhat(Pareques acuminatus),Drum(Sciaenidae),2.42,1.42,2.25,1.34,2.47,1.44
165,1,Blue Angelfish(Holacanthus bermudensis),Angelfish(Pomacanthidae),2.41,1.61,1.26,1.22,2.76,1.67
166,336,Roughhead Blenny(Acanthemblemaria aspera),"Blenny - Pike, tube, and flag(Chaenopsidae)",2.4,1.48,7.54,1.48,0.83,1.48
167,212,Blackear Wrasse(Halichoeres poeyi),Wrasse(Labridae),2.38,1.96,4.53,1.83,1.72,2.07
168,113,Smallmouth Grunt(Haemulon chrysargyreum),Grunt(Haemulidae),2.36,2.53,1.63,2.58,2.59,2.52
169,139,Permit(Trachinotus falcatus),Jack(Carangidae),2.35,1.49,2.71,1.37,2.24,1.54
170,104,Yellowmouth Grouper(Mycteroperca interstitialis),Seabass(Serranidae),2.33,1.32,3.82,1.33,1.87,1.3
171,164,Bandtail Puffer(Sphoeroides spengleri),Puffer(Tetraodontidae),2.22,1.45,2.87,1.39,2.02,1.48
172,107,Cottonwick(Haemulon melanurum),Grunt(Haemulidae),2.14,2.36,2.18,2.28,2.13,2.38
173,792,Juvenile Grunt(Haemulon sp.),Grunt(Haemulidae),2.13,3.2,4.67,3.05,1.35,3.36
174,227,Houndfish(Tylosurus crocodilus crocodilus),Needlefish(Belonidae),2.09,1.68,1.2,1.7,2.37,1.68
175,129,Hybrid Hamlet(Hypoplectrus (Hybrid)),Seabass(Serranidae),2.05,1.33,4.39,1.32,1.33,1.35
176,39,Flamefish(Apogon maculatus),Cardinalfish(Apogonidae),1.88,1.78,4.46,1.73,1.09,1.83
177,2,Cherubfish(Centropyge argi),Angelfish(Pomacanthidae),1.78,1.75,2.37,1.63,1.6,1.81
178,84,Neon Goby(Elacatinus oceanops),Goby(Gobiidae),1.62,2.39,0.02,1,2.12,2.4
179,179,Chalk Bass(Serranus tortugarum),Seabass(Serranidae),1.55,1.61,3.68,1.61,0.9,1.61
180,11,Bigeye(Priacanthus arenatus),Bigeye(Priacanthidae),1.54,1.9,0.71,1.59,1.79,1.94
181,449,Almaco Jack(Seriola rivoliana),Jack(Carangidae),1.52,1.58,2.92,1.5,1.09,1.66
182,145,Bluelip Parrotfish(Cryptotomus roseus),Parrotfish(Scaridae),1.52,1.85,4.46,1.91,0.62,1.71
183,162,Sheepshead Porgy(Calamus penna),Porgy(Sparidae),1.5,1.67,1.93,1.63,1.36,1.69
184,361,Sponge Cardinalfish(Phaeoptyx xenus),Cardinalfish(Apogonidae),1.4,1.49,4.92,1.54,0.32,1.26
185,29,Trunkfish(Lactophrys trigonus),Boxfish(Ostraciidae),1.32,1.3,0.97,1.18,1.43,1.34
186,122,Golden Hamlet(Hypoplectrus gummigutta),Seabass(Serranidae),1.31,1.19,1.52,1.25,1.24,1.16
187,128,Yellowtail Hamlet(Hypoplectrus chlorurus),Seabass(Serranidae),1.31,1.41,2.07,1.21,1.08,1.53
188,136,Greater Amberjack(Seriola dumerili),Jack(Carangidae),1.27,1.59,1.75,1.48,1.12,1.64
189,236,Glassy Sweeper(Pempheris schomburgkii),Sweeper(Pempheridae),1.26,2.17,2.18,2.05,0.97,2.27
190,8,Northern/Southern Sennet(Sphyraena borealis/picudilla),Barracuda(Sphyraenidae),1.22,2.51,1.13,2.67,1.25,2.45
191,140,Rainbow Runner(Elagatis bipinnulata),Jack(Carangidae),1.18,2.13,1.95,2.12,0.94,2.15
192,539,School Bass(Schultzea beta),Seabass(Serranidae),1.15,3.22,3.95,3.28,0.29,2.97
193,533,Cave Basslet(Liopropoma mowbrayi),Basslet / Seabass(Liopropomatinae),1.12,1.38,3.66,1.4,0.35,1.34
194,135,Crevalle Jack(Caranx hippos),Jack(Carangidae),1.12,1.81,1.36,1.7,1.04,1.87
195,115,Striped Grunt(Haemulon striatum),Grunt(Haemulidae),1.11,2.53,0.62,2.81,1.26,2.48
196,421,Dash Goby(Ctenogobius saepepallens),Goby(Gobiidae),1.04,1.69,1.29,1.62,0.97,1.72
197,98,Red Grouper(Epinephelus morio),Seabass(Serranidae),1.03,1.52,0.51,1.32,1.19,1.55
198,126,Tan Hamlet(Hypoplectrus randallorum),Seabass(Serranidae),1.03,1.23,1.84,1.11,0.78,1.33
199,211,Sargassum Triggerfish(Xanthichthys ringens),Triggerfish(Balistidae),0.95,2.24,1.93,2.32,0.65,2.17
200,127,Yellowbelly Hamlet(Hypoplectrus aberrans),Seabass(Serranidae),0.92,1.45,1.38,1.2,0.78,1.6
201,73,Eyed Flounder(Bothus ocellatus),Flounder(Bothidae),0.85,1.24,0.69,1.14,0.9,1.27
202,186,Blacktip Shark(Carcharhinus limbatus),Requiem Shark(Carcharhinidae),0.84,1.67,0.87,1.63,0.83,1.68
203,469,Bluestriped Lizardfish(Synodus saurus),Lizardfish(Synodontidae),0.83,1.24,1.15,1.16,0.73,1.29
204,57,Jackknife-Fish(Equetus lanceolatus),Drum(Sciaenidae),0.83,1.26,1.03,1.23,0.76,1.27
205,661,Green Sea Turtle(Chelonia mydas),Sea Turtles(Cheloniidae),0.8,1.12,0.83,1.17,0.79,1.1
206,20,Sailfin Blenny(Emblemaria pandionis),"Blenny - Pike, tube, and flag(Chaenopsidae)",0.77,1.43,1.68,1.48,0.49,1.37
207,38,Dusky Cardinalfish(Phaeoptyx pigmentaria),Cardinalfish(Apogonidae),0.76,2.22,1.7,2.25,0.47,2.18
208,429,Rusty Goby(Priolepis hipoliti),Goby(Gobiidae),0.73,1.28,2.39,1.28,0.22,1.27
209,372,Night Sergeant(Abudefduf taurus),Damselfish(Pomacentridae),0.69,1.84,0.69,1.77,0.68,1.86
210,448,African Pompano(Alectis ciliaris),Jack(Carangidae),0.68,1.63,1.29,1.63,0.49,1.64
211,208,Gray Triggerfish(Balistes capriscus),Triggerfish(Balistidae),0.66,1.81,0.44,1.67,0.73,1.84
212,604,Remora(Remora remora),Remora(Echeneidae),0.66,1.34,1.54,1.39,0.39,1.28
213,132,Spotfin Hogfish(Bodianus pulchellus),Wrasse(Labridae),0.66,1.56,0.74,1.45,0.63,1.6
214,24,Bonnetmouth(Emmelichthyops atlanticus),Grunt(Haemulidae),0.63,2.77,1.49,2.84,0.37,2.67
215,182,Lantern Bass(Serranus baldwini),Seabass(Serranidae),0.62,1.5,1.7,1.41,0.29,1.69
216,457,Mackerel Scad(Decapterus macarellus),Jack(Carangidae),0.61,2.69,1.52,2.55,0.33,2.91
217,225,Flying Gurnard(Dactylopterus volitans),Flying Gurnard(Dactylopteridae),0.59,1.36,0.34,1.43,0.66,1.35
218,843,Hamlet - Juvenile(Hypoplectrus sp.),Seabass(Serranidae),0.56,1.21,1.91,1.16,0.14,1.45
219,138,Palometa(Trachinotus goodei),Jack(Carangidae),0.55,2.27,0.51,2.24,0.56,2.28
220,476,Flagfin Mojarra(Eucinostomus melanopterus),Mojarra(Gerreidae),0.54,2.67,0.67,2.33,0.5,2.81
221,78,Blue Dartfish (Blue Goby)(Ptereleotris calliurus),Dartfish(Ptereleotridae),0.53,2.2,0.39,1.94,0.57,2.25
222,505,Checkered Puffer(Sphoeroides testudineus),Puffer(Tetraodontidae),0.52,1.53,0.71,1.68,0.47,1.44
223,44,Purple Reeffish(Chromis scotti),Damselfish(Pomacentridae),0.52,2.51,0.53,2.61,0.51,2.47
224,655,Sea Turtle sp. (unidentified)(),Sea Turtles(Cheloniidae),0.52,1.1,0.51,1,0.52,1.13
225,165,Bridled Burrfish(Cyclichthys antennatus),Porcupinefish(Diodontidae),0.5,1.05,0.76,1.06,0.42,1.04
226,657,Loggerhead Sea Turtle(Caretta caretta),Sea Turtles(Cheloniidae),0.49,1.16,0.62,1.14,0.44,1.17
227,356,Mimic Cardinalfish(Apogon phenax),Cardinalfish(Apogonidae),0.48,1.61,1.54,1.58,0.15,1.7
228,339,Wrasse Blenny(Hemiemblemaria simulus),"Blenny - Pike, tube, and flag(Chaenopsidae)",0.48,1.45,0.69,1.37,0.42,1.5
229,96,Goliath Grouper (Jewfish)(Epinephelus itajara),Seabass(Serranidae),0.46,1.24,0.21,1.11,0.54,1.26
230,427,Orangespotted Goby(Nes longus),Goby(Gobiidae),0.46,1.61,1.01,1.59,0.29,1.63
231,40,Twospot Cardinalfish(Apogon pseudomaculatus),Cardinalfish(Apogonidae),0.45,1.73,0.51,1.35,0.44,1.87
232,404,Ballyhoo(Hemiramphus brasiliensis),Halfbeak(Hemiramphidae),0.44,2.43,0.92,2.37,0.3,2.5
233,358,Pale Cardinalfish(Apogon planifrons),Cardinalfish(Apogonidae),0.44,2.13,1.15,2.09,0.22,2.23
234,319,Unidentified Darkheaded Blenny Emblemariopsis spp.(Emblemariopsis spp.),"Blenny - Pike, tube, and flag(Chaenopsidae)",0.44,1.32,1.13,1.25,0.23,1.42
235,462,Banded Jawfish(Opistognathus macrognathus),Jawfish(Opistognathidae),0.43,1.41,0.94,1.49,0.27,1.32
236,82,Hovering Dartfish (Hovering Goby)(Ptereleotris helenae),Dartfish(Ptereleotridae),0.43,1.9,0.53,2,0.4,1.86
237,219,Yellowcheek Wrasse(Halichoeres cyanocephalus),Wrasse(Labridae),0.43,1.91,0.05,1,0.55,1.93
238,477,Mottled Mojarra(Eucinostomus lefroyi),Mojarra(Gerreidae),0.42,2.07,0.9,1.95,0.27,2.19
239,471,Red Lizardfish(Synodus synodus),Lizardfish(Synodontidae),0.42,1.15,1.06,1.13,0.23,1.19
240,174,Pearly Razorfish(Xyrichtys novacula),Wrasse(Labridae),0.41,1.93,0.76,1.74,0.3,2.08
241,523,Whitefin Sharksucker(Echeneis neucratoides),Remora(Echeneidae),0.4,1.31,0.97,1.33,0.23,1.27
242,478,Silver Jenny(Eucinostomus gula),Mojarra(Gerreidae),0.39,2.49,1.03,2.64,0.2,2.17
243,143,Spanish Mackerel(Scomberomorus maculatus),Mackerel(Scombridae),0.39,1.6,0.39,1.44,0.4,1.66
244,222,Bluespotted Cornetfish(Fistularia tabacaria),Cornetfish(Fistulariidae),0.38,1.37,0.39,1.33,0.38,1.38
245,473,King Mackerel(Scomberomorus cavalla),Mackerel(Scombridae),0.38,1.3,0.78,1.26,0.26,1.34
246,304,Threeline Basslet(Lipogramma trilineatum),Basslet(Grammatidae),0.38,1.37,0.94,1.17,0.21,1.69
247,68,Orange Filefish(Aluterus schoepfii),Filefish(Monacanthidae),0.36,1.4,0.11,1.2,0.44,1.42
248,334,Quillfin Blenny(Labrisomus filamentosus),Blenny - Labrisomids(Labrisomidae),0.35,1.09,0.51,1.15,0.3,1.04
249,603,Tusked Goby(Risor ruber),Goby(Gobiidae),0.35,1.57,1.43,1.6,0.02,1
250,223,Lancer Dragonet(Paradiplogrammus bairdi),Dragonet(Callionymidae),0.33,1.31,0.64,1.44,0.23,1.2
251,237,Tarpon(Megalops atlanticus),Tarpon(Elopidae),0.31,1.81,0.16,2,0.35,1.78
252,120,Blue Hamlet(Hypoplectrus gemma),Seabass(Serranidae),0.3,2.02,0.02,2,0.38,2.02
253,568,Cardinal Soldierfish(Plectrypops retrospinis),Squirrelfish(Holocentridae),0.3,1.2,1.03,1.14,0.07,1.5
254,554,Lemon Shark(Negaprion brevirostris),Requiem Shark(Carcharhinidae),0.3,1.64,0.74,1.97,0.17,1.11
255,418,Broadstripe Goby(Elacatinus prochilos),Goby(Gobiidae),0.29,2.22,0.6,2.31,0.19,2.12
256,548,Great Hammerhead(Sphyrna mokarran),Hammerhead Shark(Sphyrnidae),0.28,1.11,0.67,1.1,0.16,1.11
257,64,Purplemouth Moray(Gymnothorax vicinus),Moray(Muraenidae),0.28,1.2,0.53,1.27,0.2,1.13
258,438,Yellowprow Goby(Elacatinus xanthiprora),Goby(Gobiidae),0.28,1.46,0.64,1.48,0.16,1.42
259,101,Scamp(Mycteroperca phenax),Seabass(Serranidae),0.27,1.26,0.25,1.27,0.28,1.25
260,21,Seaweed Blenny(Parablennius marmoreus),Blenny - Combtooth(Blenniidae),0.27,1.9,0.55,1.58,0.18,2.2
261,484,Flat Needlefish(Ablennes hians),Needlefish(Belonidae),0.26,1.98,0.46,1.85,0.2,2.09
262,168,Web Burrfish(Chilomycterus antillarum),Porcupinefish(Diodontidae),0.26,1.13,0.57,1.16,0.16,1.09
263,552,Bull Shark(Carcharhinus leucas),Requiem Shark(Carcharhinidae),0.25,1.65,0.62,1.77,0.13,1.36
264,485,Keeltail Needlefish(Platybelone argalus argalus),Needlefish(Belonidae),0.25,2.26,0.34,2.33,0.22,2.22
265,502,Silver Porgy(Diplodus argenteus argenteus),Porgy(Sparidae),0.25,1.88,0.46,1.6,0.19,2.15
266,326,Goldline Blenny(Malacoctenus aurolineatus),Blenny - Labrisomids(Labrisomidae),0.23,1.6,0.67,1.48,0.1,1.85
267,406,Mirrorwing Flyingfish(Hirundichthys speculiger),Flyingfish(Exocoetidae),0.23,2.55,0.05,2,0.28,2.6
268,85,Orangesided Goby(Tigrigobius dilepis),Goby(Gobiidae),0.23,1.89,0.25,1.64,0.22,2
269,46,Yellowtail Reeffish(Chromis enchrysura),Damselfish(Pomacentridae),0.23,2.08,0.07,1,0.28,2.17
270,350,Bigtooth Cardinalfish(Apogon affinis),Cardinalfish(Apogonidae),0.22,2.75,0.6,2.88,0.1,2.45
271,532,Candy Basslet(Liopropoma carmabi),Basslet / Seabass(Liopropomatinae),0.22,1.26,0.48,1.26,0.13,1.25
272,422,Exuma Goby(Elacatinus atronasum),Goby(Gobiidae),0.22,2.28,0.76,2.19,0.05,2.71
273,492,Longsnout Seahorse(Hippocampus reidi),Pipefish and Seahorse(Syngnathidae),0.22,1.11,0.44,1.11,0.16,1.12
274,549,Scalloped Hammerhead(Sphyrna lewini),Hammerhead Shark(Sphyrnidae),0.22,1.19,0.46,1.22,0.14,1.14
275,309,Shortnose Batfish(Ogcocephalus nasutus),Batfish(Ogcocephalidae),0.22,1.25,0.3,1.25,0.19,1.25
276,592,Townsend Angelfish (Hybrid Queen/Blue)(Holacanthus sp. (Hybrid)),Angelfish(Pomacanthidae),0.22,1.03,0.34,1,0.18,1.04
277,622,Unidentified Triplefin species(Enneanectes sp.),Triplefin (Blenny)(Tripterygiidae),0.22,1.1,0.69,1.07,0.07,1.2
278,332,Pirate Blenny(Emblemaria piratula),"Blenny - Pike, tube, and flag(Chaenopsidae)",0.21,1.58,0.57,1.56,0.09,1.62
279,479,Slender Mojarra(Eucinostomus jonesii),Mojarra(Gerreidae),0.2,2.13,0.44,1.78,0.13,2.57
280,482,White Mullet(Mugil curema),Mullet(Mugilidae),0.2,3.51,0.14,2.8,0.22,3.63
281,15,Hairy Blenny Complex(Labrisomus nuchipinnis/L. conditus/L.cricota),Blenny - Labrisomids(Labrisomidae),0.18,1.41,0.18,1.38,0.18,1.42
282,359,Roughlip Cardinalfish(Apogon robinsi),Cardinalfish(Apogonidae),0.18,1.58,0.53,1.61,0.07,1.5
283,943,Brassy Chub(Kyphosus vaigiensis),Chub(Kyphosidae),0.17,1.72,0.62,1.81,0.04,1.2
284,486,Redfin Needlefish(Strongylura notata notata),Needlefish(Belonidae),0.17,1.93,0.39,1.71,0.11,2.25
285,161,Sheepshead(Archosargus probatocephalus),Porgy(Sparidae),0.17,1.83,0.25,2.09,0.15,1.68
286,341,Yellowface Pikeblenny(Chaenopsis limbaughi),"Blenny - Pike, tube, and flag(Chaenopsidae)",0.17,1.28,0.46,1.25,0.08,1.33
287,343,Lofty Triplefin(Enneanectes altivelis),Triplefin (Blenny)(Tripterygiidae),0.16,1.03,0.48,1,0.06,1.13
288,895,Patch-Reef Goby (part of Bridled Goby Complex)(Coryphopterus tortugae),Goby(Gobiidae),0.16,2.07,0.67,2.07,0.01,2
289,177,Reef Scorpionfish(Scorpaenodes caribbaeus),Scorpionfish(Scorpaenidae),0.16,1.09,0.23,1.13,0.14,1.07
290,596,Spotfin Goby(Oxyurichthys stigmalophius),Goby(Gobiidae),0.16,1.59,0.51,1.62,0.05,1.5
291,560,Tiger Shark(Galeocerdo cuvier),Requiem Shark(Carcharhinidae),0.16,1.44,0.55,1.46,0.04,1
292,347,Bonefish(Albula vulpes),Bonefish(Albulidae),0.15,1.94,0.07,2.33,0.18,1.87
293,497,Knobbed Porgy(Calamus nodosus),Porgy(Sparidae),0.15,1.35,0.48,1.33,0.04,1.4
294,514,Oceanic Manta Ray(Manta birostris),Manta(Mobulidae),0.15,1.05,0.07,1,0.17,1.06
295,345,Redbelly (pka Redeye) Triplefin(Enneanectes jordani (pka E. pectoralis)),Triplefin (Blenny)(Tripterygiidae),0.15,1.48,0.57,1.48,0.01,1.5
296,65,Sharptail Eel(Myrichthys breviceps),Snake Eel(Ophichthidae),0.15,1.08,0.18,1.13,0.14,1.06
297,184,Sand Perch(Diplectrum formosum),Seabass(Serranidae),0.14,1.6,0.14,1.75,0.14,1.56
298,936,Sand-Canyon Goby (part of Bridled Goby Complex)(Coryphopterus bol),Goby(Gobiidae),0.14,1.81,0.55,1.79,0.01,2
299,67,Viper Moray(Enchelycore nigricans),Moray(Muraenidae),0.14,1.05,0.39,1,0.06,1.17
300,351,Bridle Cardinalfish(Apogon aurolineatus),Cardinalfish(Apogonidae),0.13,2,0.3,1.92,0.08,2.14
301,61,Chain Moray(Echidna catenata),Moray(Muraenidae),0.13,1.05,0.11,1,0.14,1.06
302,463,Dusky Jawfish(Opistognathus whitehurstii),Jawfish(Opistognathidae),0.13,1.21,0.28,1.33,0.09,1
303,430,Seminole Goby(Microgobius carri),Goby(Gobiidae),0.13,1.73,0.44,1.89,0.04,1
304,483,Atlantic Needlefish(Strongylura marina),Needlefish(Belonidae),0.12,2.31,0.14,2,0.11,2.5
305,317,Barfin Blenny(Malacoctenus versicolor),Blenny - Labrisomids(Labrisomidae),0.12,1.67,0.21,1.33,0.09,1.92
306,354,Conchfish(Astrapogon stellatus),Cardinalfish(Apogonidae),0.12,1.6,0.23,1.75,0.09,1.43
307,330,Palehead Blenny(Labrisomus gobio),Blenny - Labrisomids(Labrisomidae),0.12,1.58,0.25,1.27,0.08,2
308,623,Redear Sardine (Redear Herring)(Harengula humeralis),"Silvery Fishes - Silversides, Herrings, and Anchovies(Atherinidae, Clupeidae, and Engraulidae)",0.12,3.7,0.34,3.6,0.06,3.88
309,495,Shortfin Pipefish(Cosmocampus elucens),Pipefish and Seahorse(Syngnathidae),0.12,1.24,0.14,1.17,0.11,1.27
310,474,Wahoo(Acanthocybium solandri),Mackerel(Scombridae),0.12,1.27,0.25,1.1,0.08,1.42
311,311,Barred Blenny(Hypleurochilus bermudensis),Blenny - Combtooth(Blenniidae),0.11,1.32,0.07,1.33,0.12,1.31
312,490,Harlequin Pipefish(Micrognathus ensenadae),Pipefish and Seahorse(Syngnathidae),0.11,1,0.07,1,0.13,1
313,224,Longlure Frogfish(Antennarius multiocellatus),Frogfish(Antennariidae),0.11,1,0.05,1,0.13,1
314,16,Molly Miller(Scartella cristata),Blenny - Combtooth(Blenniidae),0.11,2.13,0.02,2,0.14,2.13
315,360,Sawcheek Cardinalfish(Apogon quadrisquamatus),Cardinalfish(Apogonidae),0.11,2,0.18,2.13,0.08,1.75
316,488,Emerald Parrotfish(Nicholsina usta usta),Parrotfish(Scaridae),0.1,2,0.25,2.09,0.06,1.83
317,94,Gag(Mycteroperca microlepis),Seabass(Serranidae),0.1,1.76,0.11,1.6,0.09,1.83
318,394,Pygmy Filefish(Stephanolepis setifer),Filefish(Monacanthidae),0.1,1.07,0.11,1,0.09,1.1
319,365,Red Clingfish(Acyrtus rubiginosus),Clingfish(Gobiesocidae),0.1,1.37,0.3,1.31,0.04,1.5
320,769,Atlantic Silverside(Menidia menidia),Neotropical Silversides(Atherinopsidae),0.09,3.44,0.02,4,0.11,3.4
321,600,Black Snapper(Apsilus dentatus),Snapper(Lutjanidae),0.09,1.13,0.28,1.17,0.03,1
322,842,Blacknose Shark(Carcharhinus acronotus),Requiem Shark(Carcharhinidae),0.09,1.76,0.18,1.75,0.06,1.78
323,352,Broadsaddle Cardinalfish(Apogon pillionatus),Cardinalfish(Apogonidae),0.09,2.06,0.32,2.07,0.01,2
324,388,Goldspotted Eel(Myrichthys ocellatus),Snake Eel(Ophichthidae),0.09,1.13,0.16,1.14,0.06,1.13
325,777,Bantam Bass(Parasphyraenops incisus),Seabass(Serranidae),0.08,2.29,0.21,2.33,0.04,2.2
326,342,Blackedge Triplefin(Enneanectes atrorus),Triplefin (Blenny)(Tripterygiidae),0.08,1.33,0.3,1.23,0.01,2
327,37,Blackfin Cardinalfish(Astrapogon puncticulatus),Cardinalfish(Apogonidae),0.08,1.5,0.11,1.2,0.07,1.67
328,396,Channel Flounder(Syacium micrurum),Flounder(Bothidae),0.08,1.25,0.07,1,0.08,1.33
329,392,Fringed Filefish(Monacanthus ciliatus),Filefish(Monacanthidae),0.08,1.17,0.16,1.14,0.06,1.2
330,158,Littlehead Porgy(Calamus proridens),Porgy(Sparidae),0.08,1.64,0,0,0.1,1.64
331,331,Papillose Blenny(Acanthemblemaria chaplini),"Blenny - Pike, tube, and flag(Chaenopsidae)",0.08,1,0.32,1,0,0
332,930,Topsail Chub(Kyphosus cinerascens),Chub(Kyphosidae),0.08,2,0.25,1.91,0.02,2.33
333,437,Yellownose Goby(Elacatinus randalli),Goby(Gobiidae),0.08,1.92,0.18,2.13,0.05,1.6
334,55,Cubbyu(Pareques umbrosus),Drum(Sciaenidae),0.07,1.64,0.11,1.2,0.06,2
335,301,Flameback Angelfish(Centropyge aurantonotus),Angelfish(Pomacanthidae),0.07,1.45,0,0,0.09,1.45
336,313,Pearl Blenny(Entomacrodus nigricans),Blenny - Combtooth(Blenniidae),0.07,2.23,0.14,1.83,0.05,2.57
337,459,Redtail Scad(Decapterus tabl),Jack(Carangidae),0.07,2.77,0.25,2.91,0.01,2
338,92,Western Comb Grouper(Mycteroperca acutirostris),Seabass(Serranidae),0.07,1.09,0,0,0.09,1.09
339,519,Caribbean Whiptail Stingray(Himantura schmardae),Stingray(Dasyatidae),0.06,1.3,0.16,1.29,0.03,1.33
340,367,Cobia(Rachycentron canadum),Cobia(Rachycentridae),0.06,1,0.18,1,0.03,1
341,567,Deepwater Squirrelfish(Holocentrus bullisi),Squirrelfish(Holocentridae),0.06,1.91,0.02,2,0.07,1.9
342,322,Dwarf Shy Blenny Complex(Starksia nanodes complex),Blenny - Labrisomids(Labrisomidae),0.06,1.36,0.14,1.5,0.04,1.2
343,58,Reef Croaker(Odontoscion dentex),Drum(Sciaenidae),0.06,2,0,0,0.08,2
344,346,Roughhead Triplefin(Enneanectes boehlkei),Triplefin (Blenny)(Tripterygiidae),0.06,1.2,0.14,1.2,0.04,1.2
345,613,Semiscaled Goby (aka Wall Goby)(Gobiosoma pallens),Goby(Gobiidae),0.06,1.55,0.25,1.55,0,0
346,417,Bartail Goby(Coryphopterus thrix),Goby(Gobiidae),0.05,1.6,0.02,2,0.06,1.56
347,475,Bigeye Mojarra(Eucinostomus havana),Mojarra(Gerreidae),0.05,2.3,0.14,2.17,0.03,2.5
348,233,Common Snook(Centropomus undecimalis),Snook(Centropomidae),0.05,1.5,0,0,0.06,1.5
349,420,Crested Goby(Lophogobius cyprinoides),Goby(Gobiidae),0.05,2.1,0.18,2.25,0.01,1.5
350,470,Inshore Lizardfish(Synodus foetens),Lizardfish(Synodontidae),0.05,1,0.09,1,0.04,1
351,458,Pilot Fish(Naucrates ductor),Jack(Carangidae),0.05,1.75,0.09,1.75,0.04,1.75
352,176,Plumed Scorpionfish(Scorpaena grandicornis),Scorpionfish(Scorpaenidae),0.05,1,0.05,1,0.05,1
353,461,Round Scad(Decapterus punctatus),Jack(Carangidae),0.05,2.89,0.11,3.4,0.03,2.25
354,509,Spotfin Burrfish(Chilomycterus reticulatus),Porcupinefish(Diodontidae),0.05,1.11,0.09,1,0.04,1.2
355,508,Striped Burrfish(Cyclichthys schoepfi),Porcupinefish(Diodontidae),0.05,1,0.07,1,0.04,1
356,435,Tiger Goby(Gobiosoma macrodon),Goby(Gobiidae),0.05,1.56,0.14,1.5,0.02,1.67
357,669,Unidentified Emblemariopsis spp (incl. spikefin and flagfin)(Emblemariopsis spp),"Blenny - Pike, tube, and flag(Chaenopsidae)",0.05,1.1,0.21,1.11,0.01,1
358,588,Black Brotula(Stygnobrotula latebricola),Viviparous Brotula(Bythitidae),0.04,1.13,0.18,1.13,0,0
359,383,Chestnut Moray(Enchelycore carychroa),Moray(Muraenidae),0.04,1,0.11,1,0.02,1
360,587,Dwarf Wrasse(Doratonotus megalepis),Wrasse(Labridae),0.04,1,0.14,1,0.01,0
361,564,Freckled Soapfish(Rypticus bistrispinus),Seabass(Serranidae),0.04,1.57,0.09,1.5,0.02,1.67
362,888,Hardhead Silverside(Atherinomorus stipes),"Silvery Fishes - Silversides, Herrings, and Anchovies(Atherinidae, Clupeidae, and Engraulidae)",0.04,2.88,0,0,0.06,2.88
363,327,Imitator Blenny(Malacoctenus erdmani),Blenny - Labrisomids(Labrisomidae),0.04,1.13,0.16,1,0.01,2
364,599,Little Tunny(Euthynnus alletteratus),Mackerel(Scombridae),0.04,2.86,0.09,3,0.03,2.67
365,439,Marbled Grouper(Dermatolepis inermis),Seabass(Serranidae),0.04,1.5,0,0,0.06,1.5
366,124,Masked Hamlet(Hypoplectrus providencianus),Seabass(Serranidae),0.04,1.2,0,0,0.05,1.2
367,535,Mutton Hamlet(Alphestes afer),Seabass(Serranidae),0.04,1.8,0,0,0.06,1.8
368,426,Nineline Goby(Ginsburgellus novemlineatus),Goby(Gobiidae),0.04,2.13,0.07,1.67,0.04,2.4
369,414,Red Goatfish(Mullus auratus),Goatfish(Mullidae),0.04,1.8,0,0,0.05,1.8
370,428,Rockcut Goby(Gobiosoma grosvenori),Goby(Gobiidae),0.04,2.86,0.11,3,0.01,2.5
371,558,Silky Shark(Carcharhinus falciformis),Requiem Shark(Carcharhinidae),0.04,2.86,0,0,0.06,2.86
372,601,Spotfin Mojarra(Eucinostomus argenteus),Mojarra(Gerreidae),0.04,1.86,0.07,1.33,0.03,2.25
373,389,Spotted Snake Eel(Ophichthus ophis),Snake Eel(Ophichthidae),0.04,1.4,0.02,1,0.04,1.5
374,395,Unicorn Filefish(Aluterus monoceros),Filefish(Monacanthidae),0.04,1.88,0.11,2.2,0.02,1.33
375,403,Balao(Hemiramphus balao),Halfbeak(Hemiramphidae),0.03,2.6,0.07,2.67,0.02,2.5
376,632,Barbu(Polydactylus virginicus),Threadfin(Polynemidae),0.03,2.6,0.11,2.6,0,0
377,324,Dusky Blenny(Malacoctenus gilli),Blenny - Labrisomids(Labrisomidae),0.03,1.4,0.05,1.5,0.02,1.33
378,424,Greenbanded Goby(Tigrigobius multifasciatum),Goby(Gobiidae),0.03,2,0,0,0.04,2
379,897,Lemon Goby(Vomerogobius flavus),Goby(Gobiidae),0.03,2.4,0.11,2.4,0,0
380,491,Lined Seahorse(Hippocampus erectus),Pipefish and Seahorse(Syngnathidae),0.03,1.5,0,0,0.04,1.5
381,373,Mahi Mahi / Dolphin / Dorado(Coryphaena hippurus),Dolphinfish(Coryphaenidae),0.03,1.5,0.02,1,0.03,2
382,329,Mimic Blenny(Labrisomus guppyi),Blenny - Labrisomids(Labrisomidae),0.03,1.5,0,0,0.04,1.5
383,464,Mottled Jawfish(Opistognathus maxillosus),Jawfish(Opistognathidae),0.03,1.4,0.11,1.4,0,0
384,333,Puffcheek Blenny(Labrisomus bucciferus),Blenny - Labrisomids(Labrisomidae),0.03,1.2,0.02,1,0.03,1.25
385,780,Ribbon Blenny(Emblemaria vitta),"Blenny - Pike, tube, and flag(Chaenopsidae)",0.03,1.4,0.11,1.4,0,0
386,335,Ringed Shy Blenny Complex(Starksia hassi complex),Blenny - Labrisomids(Labrisomidae),0.03,1.2,0.07,1,0.02,1.33
387,934,Secretary Blenny (pka Punk Blenny;see tiny.cc/4pcrhx)(Acanthemblemaria maria),"Blenny - Pike, tube, and flag(Chaenopsidae)",0.03,1.17,0.14,1.17,0,0
388,507,Southern Puffer(Sphoeroides nephelus),Puffer(Tetraodontidae),0.03,1.67,0.02,2,0.03,1.5
389,565,Spotted Soapfish(Rypticus subbifrenatus),Seabass(Serranidae),0.03,1.75,0,0,0.04,1.75
390,496,Whitenose Pipefish(Cosmocampus albirostris),Pipefish and Seahorse(Syngnathidae),0.03,1,0.05,1,0.03,1
391,557,Atlantic Sharpnose Shark(Rhizoprionodon terraenovae),Requiem Shark(Carcharhinidae),0.02,2,0,0,0.02,2
392,452,Bigeye Scad(Selar crumenophthalmus),Jack(Carangidae),0.02,2.67,0.02,2,0.02,3
393,849,Blackcheek Shy Blenny Complex(Starksia lepicoelia complex),Blenny - Labrisomids(Labrisomidae),0.02,1,0.07,1,0,0
394,931,Bluelip Hamlet (Tan Type 2 (no spot)/Brown Variation of Black)(Hypoplectrus sp. B),Seabass(Serranidae),0.02,1,0,0,0.03,1
395,340,Bluethroat Pikeblenny(Chaenopsis ocellata),"Blenny - Pike, tube, and flag(Chaenopsidae)",0.02,1,0.05,1,0.01,1
396,504,Caribbean Puffer(Sphoeroides greeleyi),Puffer(Tetraodontidae),0.02,1.33,0,0,0.03,1.33
397,902,Chevron Clingfish(Tomicodon rupestris),Clingfish(Gobiesocidae),0.02,1.25,0,0,0.03,1.25
398,454,Cottonmouth Jack(Uraspis secunda),Jack(Carangidae),0.02,2,0.05,2,0.01,2
399,887,Dwarf Seahorse(Hippocampus zosterae),Pipefish and Seahorse(Syngnathidae),0.02,1,0,0,0.03,1
400,423,Frillfin Goby(Bathygobius soporator),Goby(Gobiidae),0.02,1.67,0,0,0.02,1.67
401,302,Guaguanche(Sphyraena guachancho),Barracuda(Sphyraenidae),0.02,1.33,0.05,1,0.01,2
402,303,Heliotrope Basslet(Lipogramma klayi),Basslet(Grammatidae),0.02,2,0.02,2,0.02,0
403,676,Island Frillfin(Bathygobius mystacium),Goby(Gobiidae),0.02,2,0.09,2,0,0
404,425,Leopard Goby(Tigrigobius saucra),Goby(Gobiidae),0.02,1,0.07,1,0,0
405,782,Lined Sole(Achirus lineatus),Sole (American)(Achiridae),0.02,1,0.07,1,0.01,1
406,688,Maculated Flounder(Bothus maculiferus),Flounder(Bothidae),0.02,1,0.02,1,0.02,1
407,380,Manytooth Conger(Conger triporiceps),Conger(Congridae),0.02,1,0.02,1,0.01,1
408,525,Mushroom Scorpionfish(Scorpaena inermis),Scorpionfish(Scorpaenidae),0.02,1.33,0.05,1.5,0.01,1
409,555,Oceanic Whitetip Shark(Carcharhinus longimanus),Requiem Shark(Carcharhinidae),0.02,2,0.07,2,0,0
410,536,Orangeback Bass(Serranus annularis),Seabass(Serranidae),0.02,2.5,0,0,0.02,2.5
411,787,Painted Wrasse(Halichoeres caudalis),Wrasse(Labridae),0.02,1,0.05,1,0.01,1
412,493,Pipehorse(Amphelikturus dendriticus),Pipefish and Seahorse(Syngnathidae),0.02,1,0,0,0.03,1
413,308,Polka-dot Batfish(Ogcocephalus cubifrons),Batfish(Ogcocephalidae),0.02,1,0.05,1,0.01,0
414,562,Red Snapper(Lutjanus campechanus),Snapper(Lutjanidae),0.02,1.5,0,0,0.03,1.5
415,576,Redface Moray(Monopenchelys acuta),Moray(Muraenidae),0.02,1,0.02,1,0.02,1
416,410,Sargassumfish(Histrio histrio),Frogfish(Antennariidae),0.02,1,0.02,1,0.01,0
417,573,Shortfin Sweeper(Pempheris poeyi),Sweeper(Pempheridae),0.02,2.75,0.07,2.67,0.01,3
418,942,Smoothhead Glass Blenny Complex(Emblemariopsis sp.),"Blenny - Pike, tube, and flag(Chaenopsidae)",0.02,1.25,0.07,1.33,0.01,1
419,472,Snakefish(Trachinocephalus myops),Lizardfish(Synodontidae),0.02,1,0,0,0.02,1
420,501,Spottail Pinfish(Diplodus holbrookii),Porgy(Sparidae),0.02,1.75,0,0,0.03,1.75
421,434,Spotted Goby(Coryphopterus punctipectophorus),Goby(Gobiidae),0.02,1.75,0.02,1,0.02,2
422,366,Stippled Clingfish(Gobiesox punctulatus),Clingfish(Gobiesocidae),0.02,1.5,0.05,2,0.01,1
423,541,Tattler Bass(Serranus phoebe),Seabass(Serranidae),0.02,1,0.07,1,0,0
424,916,Unidentified Lizardfish(Synodus sp.),Lizardfish(Synodontidae),0.02,1,0.02,1,0.01,1
425,927,Unidentified Needlefish(),Needlefish(Belonidae),0.02,2.25,0.07,2.33,0.01,2
426,563,Vermillion Snapper(Rhomboplites aurorubens),Snapper(Lutjanidae),0.02,1.67,0.02,1,0.01,2
427,441,Warsaw Grouper(Epinephelus nigritus),Seabass(Serranidae),0.02,0,0,0,0.03,0
428,436,White-eye Goby(Bollmannia boqueronensis),Goby(Gobiidae),0.02,2,0.05,1.5,0.01,3
429,566,Whitespotted Soapfish(Rypticus maculatus),Seabass(Serranidae),0.02,1,0.05,1,0.01,1
430,305,Yellowcheek Basslet(Gramma linki),Basslet(Grammatidae),0.02,1,0,0,0.02,1
431,841,Atlantic Stingray(Dasyatis sabina),Stingray(Dasyatidae),0.01,1,0.02,1,0.01,1
432,510,Atlantic Torpedo Ray(Torpedo nobiliana),Electric Ray(Torpedinidae),0.01,0,0,0,0.01,0
433,545,Bandtail Searobin(Prionotus ophryas),Searobin(Triglidae),0.01,0,0,0,0.01,0
434,529,Bank Sea Bass(Centropristis ocyurus),Seabass(Serranidae),0.01,1,0,0,0.01,1
435,415,Banner Goby(Microgobius microlepis),Goby(Gobiidae),0.01,2,0.02,2,0,0
436,524,Barbfish(Scorpaena brasiliensis),Scorpionfish(Scorpaenidae),0.01,0,0,0,0.01,0
437,362,Barred Clingfish(Tomicodon fasciatus),Clingfish(Gobiesocidae),0.01,2,0.02,2,0,0
438,760,Bay Anchovy(Anchoa mitchilli),Anchovy(Engraulidae),0.01,3,0.02,3,0,0
439,577,Belted Sandfish(Serranus subligarius),Seabass(Serranidae),0.01,0,0,0,0.01,0
440,443,Black Grunt(Haemulon bonariense),Grunt(Haemulidae),0.01,2,0.02,1,0.01,3
441,318,Blackfin Blenny(Paraclinus nigripinnis),Blenny - Labrisomids(Labrisomidae),0.01,1,0.02,1,0,0
442,935,Bridled Goby (true species; not complex)(Coryphopterus glaucofraenum),Goby(Gobiidae),0.01,2,0.02,2,0,0
443,382,Broadbanded Moray(Channomuraena vittata),Moray(Muraenidae),0.01,1,0.05,1,0,0
444,911,Caribbean Flagfin Glass Blenny (Emblemariopsis carib)(Emblemariopsis carib),"Blenny - Pike, tube, and flag(Chaenopsidae)",0.01,1,0.02,1,0,0
445,685,Caribbean Pipefish(Syngnathus caribbaeus),Pipefish and Seahorse(Syngnathidae),0.01,1,0,0,0.01,1
446,627,Caribbean Tonguefish(Symphurus arawak),Tonguefishes(Cynoglossidae),0.01,1,0.05,1,0,0
447,511,Caribbean Torpedo(Torpedo sp.),Electric Ray(Torpedinidae),0.01,1,0.02,1,0,0
448,1051,Diphasic Goby(Lythrypnus heterochroma),Goby(Gobiidae),0.01,1,0.02,1,0,0
449,323,Downy Blenny(Labrisomus kalisherae),Blenny - Labrisomids(Labrisomidae),0.01,1,0.02,1,0,0
450,692,Dusky Pipefish(Syngnathus floridae),Pipefish and Seahorse(Syngnathidae),0.01,1,0.02,1,0,0
451,553,Dusky Shark(Carcharhinus obscurus),Requiem Shark(Carcharhinidae),0.01,1,0.02,1,0,0
452,1022,Dwarf Goby(Lythrypnus elasson),Goby(Gobiidae),0.01,1,0.02,1,0,0
453,629,Dwarf Herring(Jenkinsia lamprotaenia),"Silvery Fishes - Silversides, Herrings, and Anchovies(Atherinidae, Clupeidae, and Engraulidae)",0.01,4,0,0,0.01,4
454,534,Dwarf Sand Perch(Diplectrum bivittatum),Seabass(Serranidae),0.01,1.5,0.05,1.5,0,0
455,480,Fantail Mullet(Mugil crichodon),Mullet(Mugilidae),0.01,2,0.02,2,0,0
456,880,Finetooth Shark(Carcharhinus isodon),Requiem Shark(Carcharhinidae),0.01,1,0.02,1,0,0
457,941,Flagfin Glass Blenny Complex(Emblemariopsis sp.),"Blenny - Pike, tube, and flag(Chaenopsidae)",0.01,1,0,0,0.01,1
458,662,Green Sea Turtle w/ FP Tumor(Chelonia mydas),Sea Turtles(Cheloniidae),0.01,1,0.02,1,0,0
459,74,Gulf Flounder(Paralichthys albigutta),Flounder(Bothidae),0.01,0,0,0,0.01,0
460,867,Island Goby(Lythrypnus nesiotes),Goby(Gobiidae),0.01,1,0.05,1,0,0
461,659,Kemp's Ridley Sea Turtle(Lepidochelys kempii),Sea Turtles(Cheloniidae),0.01,1,0,0,0.01,1
462,348,Ladyfish(Elops saurus),Tarpon(Elopidae),0.01,3,0,0,0.01,3
463,857,Large-tooth sawfish(Pristis perotteti),Sawfish(Pristidae),0.01,1,0.02,1,0.01,1
464,658,Leatherback Sea Turtle(Dermochelys coriacea),Leatherback Sea Turtle(Dermochelyidae),0.01,1,0,0,0.01,1
465,465,Lesser Amberjack(Seriola faciata),Jack(Carangidae),0.01,2,0,0,0.01,2
466,169,Lesser Electric Ray(Narcine bancroftii),Electric Ray(Torpedinidae),0.01,1,0,0,0.01,1
467,416,Linesnout Goby(Elacatinus lori),Goby(Gobiidae),0.01,0,0,0,0.01,0
468,312,Longhorn Blenny(Hypsoblennius exstochilus),Blenny - Combtooth(Blenniidae),0.01,1.5,0,0,0.01,1.5
469,456,Lookdown(Selene vomer),Jack(Carangidae),0.01,2,0.05,2,0,0
470,951,Matador Triplefin(Enneanectes matador),Triplefin (Blenny)(Tripterygiidae),0.01,2,0.02,2,0,0
471,344,Mimic Triplefin(Enneanectes jordani),Triplefin (Blenny)(Tripterygiidae),0.01,1,0.02,1,0,0
472,440,Misty Grouper(Epinephelus mystacinus),Seabass(Serranidae),0.01,1,0,0,0.01,1
473,641,Mola mola(Mola mola),Molas(Molidae),0.01,1,0,0,0.01,1
474,357,Oddscale Cardinalfish(Apogon evermanni),Cardinalfish(Apogonidae),0.01,1.5,0.05,1.5,0,0
475,694,Orangespotted Blenny(Hypleurochilus springeri),Blenny - Combtooth(Blenniidae),0.01,1,0,0,0.01,1
476,590,Pearlfish(Carapus bermudensis),Carapuds(Carapidae),0.01,2,0.02,2,0,0
477,498,Pinfish(Lagodon rhomboides),Porgy(Sparidae),0.01,2,0,0,0.01,2
478,393,Planehead Filefish(Stephanolepis hispidus),Filefish(Monacanthidae),0.01,2,0.02,2,0,0
479,374,Pompano Dolphin(Coryphaena equisietis),Dolphinfish(Coryphaenidae),0.01,1,0,0,0.01,1
480,786,Pygmy Goby(Lythrypnus minimus),Goby(Gobiidae),0.01,1,0.02,1,0,0
481,537,Pygmy Sea Bass(Serraniculus pumilio),Seabass(Serranidae),0.01,2,0,0,0.01,2
482,903,Querimana Silverside(Melanorhinus microps),Neotropical Silversides(Atherinopsidae),0.01,4,0,0,0.01,4
483,371,Red Cornetfish(Fistularia petimba),Cornetfish(Fistulariidae),0.01,1,0,0,0.01,1
484,499,Red Porgy(Pagrus pagrus),Porgy(Sparidae),0.01,2,0,0,0.01,2
485,847,Redspine Blenny(Emblemariopsis occidentalis),"Blenny - Pike, tube, and flag(Chaenopsidae)",0.01,1,0.02,1,0,0
486,306,Roughback Batfish(Ogcocephalus parvus),Batfish(Ogcocephalidae),0.01,1.5,0,0,0.01,1.5
487,520,Roughtail Stingray(Dasyatis centroura),Stingray(Dasyatidae),0.01,1.5,0,0,0.01,1.5
488,377,Sand Drum(Umbrina coroides),Drum(Sciaenidae),0.01,0,0,0,0.01,0
489,556,Sandbar Shark(Carcharhinus plumbeus),Requiem Shark(Carcharhinidae),0.01,1,0.02,1,0,0
490,494,Sargassum Pipefish(Syngnathus pelagicus),Pipefish and Seahorse(Syngnathidae),0.01,0,0,0,0.01,0
491,591,Scrawled Sole(Trinectes inscriptus),Sole(Soleidae),0.01,1,0,0,0.01,1
492,500,Sea Bream(Archosargus rhomboidalis),Porgy(Sparidae),0.01,2,0,0,0.01,2
493,781,Seafan Blenny(Emblemariopsis pricei),"Blenny - Pike, tube, and flag(Chaenopsidae)",0.01,1,0,0,0.01,1
494,740,Sheepshead Minnow(Cyprinodon variegatus),Killifish(Cyprinodontidae),0.01,2,0,0,0.01,2
495,516,Smalltooth Sawfish(Pristis pectinata),Sawfish(Pristidae),0.01,1,0.02,1,0,0
496,540,Snow Bass(Serranus chionaraia),Seabass(Serranidae),0.01,0,0,0,0.01,0
497,513,Southern Guitarfish(Rhinobatos percellens),Guitarfish(Rhinobatidae),0.01,1,0,0,0.01,1
498,559,Spinner Shark(Carcharhinus brevipinna),Requiem Shark(Carcharhinidae),0.01,0,0,0,0.01,0
499,22,Spotcheek Blenny(Labrisomus nigricinctus),Blenny - Labrisomids(Labrisomidae),0.01,1,0,0,0.01,1
500,856,Spottail Goby(Ctenogobius stigmaturus),Goby(Gobiidae),0.01,1,0.02,1,0,0
501,375,Spotted Dragonet(Diplogrammus pauciradiatus),Dragonet(Callionymidae),0.01,1.5,0.02,2,0.01,1
502,390,Spotted Spoon-nose Eel(Echiophis intertinctus),Snake Eel(Ophichthidae),0.01,1,0,0,0.01,1
503,481,Striped Mullet(Mugil cephalus),Mullet(Mugilidae),0.01,3,0,0,0.01,3
504,818,Striped Trumpet(Aulostomus strigosus),Trumpetfish(Aulostomidae),0.01,2,0,0,0.01,2
505,542,Twinspot Bass(Serranus flaviventris),Seabass(Serranidae),0.01,1,0,0,0.01,1
506,834,Unidentified Pipefish sp.(),Pipefish and Seahorse(Syngnathidae),0.01,1.5,0.02,2,0.01,1
507,518,Unidentified Shy Blenny Starksia(Starksia sp.),Blenny - Labrisomids(Labrisomidae),0.01,1,0.02,1,0,0
508,546,Whale Shark(Rhincodon typus),Carpet Shark(Rhincodontidae),0.01,1,0,0,0.01,1
509,1000,Whitebar Goby (undescribed spG Cuba2016)(Tigrigobius sp A),Goby(Gobiidae),0.01,2,0.05,2,0,0
510,583,Whitelined Toadfish(Sanopus greenfieldorum),Toadfish(Batrachoididae),0.01,2,0.02,2,0,0
511,543,Wrasse Basslet(Liopropoma eukrines),Basslet / Seabass(Liopropomatinae),0.01,1,0.02,1,0,0
512,625,Yellowfin Tuna(Thunnus albacares),Mackerel(Scombridae),0.01,3,0,0,0.01,3
513,315,Zebratail Blenny(Hypleurochilus sp.),Blenny - Combtooth(Blenniidae),0.01,2,0,0,0.01,2
